MAE,MSE,R2
0.028519980941396482,0.0012834877260899241,0.8736808795525648
